time,lr,batch,dropout,dist,beta,wd,mamba_pool_drop,motif_drop,gat_drop,atom_drop,gin_lr,train_auc,val_auc,test_auc,val_aupr,test_aupr,val_acc,test_acc,epoch,loss,sec,state,err
2025-08-04T20:34:01.059829,8.531564807673896e-06,256,0.08743600355161327,1.0243053126755768,1.0,7.962629641951952e-06,0.1,0.12,0.5,0.12,0.0002,-1,0.9216,0.9184,-1,-1,0.8407,0.8473,113,0.25319362323390193,918.347235918045,ok,
2025-08-04T20:42:28.419307,0.00026992430965346487,192,0.1164523630612524,1.687787512046711,0.514815975853047,1.6654710011915664e-06,0.1740511066081924,0.14434107033836308,0.349132095584618,0.17076544375078648,4.6208420006980837e-05,0.9999773980168781,0.8998,0.899,0.8796023408179315,0.8995698665165257,0.8187,0.795,25,0.06636240847105528,507.12594723701477,early_stop,
2025-08-04T20:46:38.673914,0.00024483024732223834,192,0.11857497479190746,0.5993656781666786,0.5252302575633773,2.0820413881444335e-05,0.13837705909048148,0.15223455824937815,0.38670040530016514,0.11239789315928525,1.8536363315992336e-05,0.9990103900126832,0.8979136297376094,0.9021777471052832,0.8511203672560366,0.8598256592077131,0.8214,0.7978,6,0.2778805993470502,250.03368282318115,early_stop,
2025-08-04T20:50:44.505391,0.00016474209332139453,224,0.11406569696126592,0.7991002387019572,0.7157273015601426,1.1547640756988085e-06,0.12690626006430847,0.1466861232627521,0.37184585982077145,0.1648637857122333,7.18685070500045e-05,0.9975661232912009,0.9021273688046647,0.9016486465761828,0.8977301788042964,0.9186311699716105,0.831,0.8226,6,0.3620582635554583,245.59373927116394,early_stop,
2025-08-04T21:06:07.989545,5.11258801091336e-06,224,0.07416829391655835,1.1876768892753262,1.0449551487983335,3.289434222075333e-05,0.11543386830909882,0.16217727321370332,0.3769274054044953,0.1365288351063863,0.00011779469639677505,-1,0.9174183066083577,0.9235718119776091,-1,-1,0.8365,0.8473,118,0.353778879569401,923.2628967761993,ok,
2025-08-04T21:15:56.003278,1.5429278154592804e-05,192,0.13432494888686722,0.9244554768065165,1.0724344725530395,1.5281334380595507e-05,0.11165158535732403,0.17784557904488602,0.20571170965464117,0.18256267639558277,6.531760763826662e-05,-1,0.9099094995140914,0.919292999003144,-1,-1,0.8297,0.8487,56,0.33356925143463473,587.7867519855499,early_stop,
2025-08-04T21:24:16.614263,1.6136493116885957e-05,192,0.0818306221628392,1.6411719532547022,0.9556261846501957,1.604020926893819e-05,0.0985517272046093,0.1596942610915253,0.14521151399390772,0.13201573209499365,0.0002698683178549613,-1,0.9048,0.9115,-1,-1,0.8228,0.8349,47,0.3142350380918772,500.38480973243713,early_stop,
2025-08-04T21:36:44.269040,7.728867166510333e-06,192,0.041518219190744166,0.7851051252840311,0.7716799792593031,3.897630769849757e-06,0.1363769035804932,0.06483365187331165,0.16972968548176726,0.18609904050573012,4.5938223618935685e-05,0.9999992862531646,0.912,0.9143,0.891139840951501,0.9102533981175585,0.8228,0.8184,63,0.22563877544379737,747.42995262146,early_stop,
2025-08-04T21:45:59.436226,1.7433734722735065e-05,288,0.14351740081783673,1.1414164970261582,1.0617824239931015,3.947690431077713e-06,0.12489321341675855,0.13717488911799391,0.36723192772329394,0.07330869538619052,1.711503625344237e-05,-1,0.9043,0.9122,-1,-1,0.8283,0.8391,57,0.3833026112830252,554.9447093009949,early_stop,
2025-08-04T21:59:59.241133,5.897405667199347e-06,192,0.0467449007985032,0.8141647538259668,1.2419489620895061,1.4138917122458524e-05,0.18324454557561476,0.17882785521981165,0.4524276361592744,0.13291333246658124,0.0003863868838451385,-1,0.9090211977648203,0.9188789203281957,-1,-1,0.8407,0.8349,84,0.3392241622049252,839.5762124061584,early_stop,
2025-08-04T22:15:08.160944,0.00021747883020954134,288,0.14333132169581497,0.5794317241998967,0.8359606797383125,2.3605983211222123e-05,0.0661704128501268,0.15637950719074467,0.1184348585450177,0.09102103393210598,5.122650961798805e-05,-1,0.8949,0.8945,-1,-1,0.8214,0.8432,187,0.014714110567820312,908.6771330833435,ok,
2025-08-04T22:26:01.180387,2.4838121312217208e-05,320,0.10362356406190584,1.3490150152698264,0.8622432338072694,3.0063296848471683e-05,0.06360034904377077,0.08993429643397183,0.2717999800560391,0.11640991689757789,0.00032441118272563473,1.0,0.9085201044703597,0.9180584311019093,0.8713151070734101,0.908322487059314,0.8338,0.8432,56,0.19248523671265097,652.7862846851349,early_stop,
2025-08-04T22:39:01.921538,1.1649538988729563e-05,192,0.06490326670718882,0.9257434003822934,1.158817224438328,3.976529180671884e-06,0.0807711173456482,0.06950371348137269,0.3721161620164274,0.0610800659235506,4.549521996691713e-05,1.0,0.9051,0.9129,0.8642975406884141,0.9028972521691967,0.8228,0.8281,63,0.21876411790979208,780.5097532272339,early_stop,
2025-08-04T22:47:29.914317,2.3756432110495894e-05,288,0.13906158699993273,0.7576345580055943,0.8445914450007712,1.7121458414588789e-06,0.17278502620181205,0.19235992327422383,0.17769099418397383,0.057462299703680116,0.00016882718279035572,-1,0.9134323372206025,0.906142167011732,-1,-1,0.8338,0.8322,42,0.33547390343324845,507.7542474269867,early_stop,
2025-08-04T22:53:09.934035,0.00023637344858782057,256,0.04042491165762331,1.746477528545769,0.7122209375700211,2.797295457779449e-06,0.08907971509356218,0.09666983993069814,0.47632895977592704,0.12149218943192217,7.13747328193505e-05,0.9998162101898781,0.9016262755102041,0.897645886051683,0.8906098669925219,0.9007456159749134,0.8269,0.8102,6,0.2698065150639824,339.7764308452606,early_stop,
2025-08-04T23:09:27.363112,3.7813599622708826e-06,192,0.14510741952235803,1.4938151793692047,0.8590881368469918,1.5304399517593112e-05,0.14634061610237986,0.16578470262593784,0.36001078916765983,0.18651143302507256,2.473419728887808e-05,-1,0.9133,0.9158,-1,-1,0.8352,0.8487,195,0.4792549301520381,977.2031397819519,ok,
2025-08-04T23:21:21.402539,1.02776433447287e-05,256,0.11229963633572002,1.2181817041614817,0.7176646634075133,2.288037127660481e-05,0.16514031852334987,0.10995949176545242,0.43059024810876145,0.1322935299137859,3.565408683299549e-05,-1,0.9072370019436345,0.9161490683229814,-1,-1,0.8132,0.8212,68,0.31586106900249217,713.8140938282013,early_stop,
2025-08-04T23:30:33.771592,1.6696653003313935e-05,256,0.09278314345135225,0.6015207333386148,1.0138432414528171,8.723866022555757e-05,0.0929784945693589,0.12740291203399612,0.3544617200807417,0.1422254526192066,2.5053221141774528e-05,-1,0.9056,0.912,-1,-1,0.8324,0.8322,59,0.3353944728510826,552.1403138637543,early_stop,
2025-08-04T23:34:38.081919,0.00017868298317137978,224,0.04063009377552769,1.4911316506958978,0.8677596508769384,5.409747417835059e-05,0.17894959490594742,0.14588601238677062,0.3833058402838452,0.05391136116045324,2.8758536062280657e-05,0.9994477978649929,0.8915,0.8997,0.8994212379839239,0.8978907634892611,0.8104,0.8157,7,0.31432820052271876,244.06149768829346,early_stop,
2025-08-04T23:42:44.955194,0.0002318671643308918,224,0.06414021017085544,0.691804997524229,1.0974052239600793,4.5091628779718247e-05,0.11999406311149033,0.17098192111710622,0.4866821042399305,0.07015885068755369,0.00033165958071458855,-1,0.895,0.8986,-1,-1,0.8228,0.8212,57,0.029866881685201272,486.645875453949,early_stop,
2025-08-04T23:48:17.517326,8.066880615379168e-05,192,0.13530298278863523,0.8291898860294495,1.0105075216137576,1.2052403789690482e-05,0.12110940081080272,0.14927218781581658,0.15147383802562808,0.16649807716520712,9.999198289486073e-05,-1,0.9005,0.9052,-1,-1,0.8242,0.8322,19,0.34615143962369516,332.32121872901917,early_stop,
2025-08-05T00:03:07.868361,7.67780020997779e-06,224,0.05810207336509512,0.8217664972951063,1.0371627028361365,8.916779172745514e-06,0.18173325461613116,0.18782574589725853,0.39448179029798697,0.1330890849226643,0.0001685195565846412,0.9999934573206752,0.922,0.9164,0.9072000126415088,0.9176996345874691,0.8448,0.8391,67,0.3285725728488554,890.1109895706177,early_stop,
2025-08-05T00:19:03.223163,3.2099872349139073e-06,192,0.08032533380015901,0.930590558300533,1.0542922759380646,4.0655760851624044e-05,0.10245511473879337,0.15770050439120925,0.42371567949692807,0.12114722626274234,9.372660652379004e-05,-1,0.9117012876579204,0.9140326662065793,-1,-1,0.8365,0.8418,162,0.45994855754465125,955.1067736148834,ok,
2025-08-05T00:35:10.935084,8.691890613506318e-06,192,0.14500554909541555,0.9316728505692032,1.3585027834348953,1.1746558900007201e-05,0.09320073822781713,0.1568245606996728,0.19253647195160234,0.17774904340456002,0.00012476495942325422,-1,0.9068194241982508,0.9166244919868107,-1,-1,0.8242,0.8418,118,0.3488740081688229,967.4609875679016,ok,
2025-08-05T00:51:12.769508,5.409270230602568e-06,192,0.09645069266244002,0.9011292171053218,1.200834449718646,1.1667131328673275e-05,0.10966018130492794,0.16500666700612274,0.3025912920513748,0.19937211747914305,2.7338056336554316e-05,-1,0.9068,0.9212,-1,-1,0.831,0.8514,121,0.37151548586543964,961.5855400562286,ok,
2025-08-05T01:00:59.749681,1.1125821046447286e-05,192,0.08910230182194911,0.6790112535603509,1.1887730708300925,1.682395485417844e-05,0.06629080328275624,0.19189079460303393,0.3204273639959715,0.1951424866234287,2.605659096719633e-05,-1,0.9047,0.9091,-1,-1,0.831,0.8446,65,0.3885841979724362,586.7325119972229,early_stop,
2025-08-05T01:17:02.034052,3.3386705539771716e-06,192,0.058666900480703,0.8570161603711425,1.309938679360533,8.614423898505316e-06,0.12419236979615322,0.12956187556807808,0.3378341343334195,0.17159872725708863,2.6148235865301605e-05,-1,0.9128,0.9198,-1,-1,0.8352,0.8432,147,0.4779555576170676,962.0242824554443,ok,
2025-08-05T01:33:22.122125,4.8894372660656065e-06,192,0.04358365656249952,1.0319171925488513,1.0540560909508345,1.6972605128139233e-05,0.13501803354140235,0.1336652947347201,0.47709259395702086,0.1763800712833291,6.335349936718332e-05,1.0,0.9153152332361516,0.9200904838585997,0.8967157928337814,0.9194092626648799,0.8393,0.8528,98,0.2764886541273838,979.8432528972626,ok,
2025-08-05T01:49:02.165281,9.737188285622975e-06,224,0.06278528204257999,1.2315277963156521,0.7923020756524729,3.313924807472436e-05,0.12948187550481569,0.16318846959358416,0.3924190284738324,0.18648789484006859,8.374712403126351e-05,1.0,0.9111318634596696,0.9222298903458325,0.888353392653497,0.9099138693414854,0.8407,0.8501,72,0.2355302749692667,939.8004777431488,ok,
2025-08-05T01:56:03.608763,2.8337730995349152e-05,192,0.06233613168342135,1.163336785895547,0.762933129617692,5.328948138295747e-05,0.12167200805730727,0.1757288908621087,0.5230717485237553,0.19490459320453782,7.051189748297652e-05,-1,0.9122,0.9096,-1,-1,0.8365,0.8418,33,0.21464579892505511,421.1956503391266,early_stop,
2025-08-05T02:11:22.719491,5.817675339875501e-06,256,0.04176667067195741,1.6146844352588765,0.6972090409413634,5.728811708410821e-05,0.14771595431759732,0.10498842299563482,0.40208996447793444,0.19849451904653972,0.00011597856071841612,1.0,0.9103,0.9229,0.8865126960758936,0.9176299510983033,0.8407,0.8377,97,0.22925841691116072,918.8642365932465,ok,
2025-08-05T02:22:15.234999,7.655174406796682e-06,256,0.050233818617901244,1.81991436272874,0.8221419085001905,9.928021146522738e-05,0.14955481602850296,0.08746193854760188,0.4089500289594196,0.17192317332693519,0.000134976217227525,-1,0.91151907191448,0.910704700559773,-1,-1,0.8407,0.8336,64,0.3210541584607193,652.2759101390839,early_stop,
2025-08-05T02:37:34.666189,1.0982105335272312e-05,256,0.062450400808916035,1.3188458408681332,0.555098711938357,1.423489433825483e-05,0.11874428202704876,0.13962112856557757,0.31959911920872036,0.19280299794534264,8.977339483226387e-05,0.9999992862531646,0.9142,0.9194,0.8942380606252412,0.9124383330784931,0.8434,0.8459,63,0.22100651381905498,919.1865186691284,ok,
2025-08-05T02:53:09.996939,7.092078869386975e-06,224,0.06473588814112284,1.229451560390569,0.7809195406741796,2.8622180468882346e-05,0.14030064026892092,0.19683801776363322,0.33478236533419187,0.17248250989805838,4.444991675794836e-05,-1,0.9003052113702623,0.9163944482785062,-1,-1,0.8352,0.8459,100,0.2438147576602898,935.0970149040222,early_stop,
2025-08-05T03:08:29.017592,3.8056113435055124e-06,320,0.04854635568094895,0.9100105307107623,0.7046704129364573,1.766845441965093e-05,0.1658268162895281,0.111948676359865,0.3747830882144398,0.17238729623288587,0.00019993236502031546,-1,0.9078,0.917,-1,-1,0.8269,0.8349,147,0.35638806062139394,918.7797000408173,ok,
2025-08-05T03:19:36.042982,1.0159768948853319e-05,192,0.10418197204198147,0.9533084285137566,1.2571330402338734,2.91974388328351e-06,0.10989190677357805,0.16008437129206698,0.31477433557828643,0.1549059735577779,1.548854629194182e-05,-1,0.906029822643343,0.9084349359711679,-1,-1,0.8118,0.8336,86,0.42089094868767574,666.7817828655243,early_stop,
2025-08-05T03:34:58.484581,5.589890459499947e-06,224,0.10312954540044361,1.0884195730437716,1.4366834301914473,3.245107196967573e-05,0.1074456585999661,0.18540201878721357,0.21682603166611422,0.18327291764614384,1.112617687412706e-05,-1,0.9102131924198251,0.9198911126447359,-1,-1,0.8448,0.8514,148,0.48481575917710396,922.1995601654053,ok,
2025-08-05T03:50:53.723382,5.60640959564239e-06,192,0.04418963904563805,1.6476986988191653,0.9226295764183974,6.779192078463553e-06,0.09963756141662128,0.17128368393087023,0.40610216714204633,0.11282991895543491,0.0004515827711583865,1.0,0.9099,0.9194,0.9077660621559811,0.9287674613910005,0.8297,0.8363,95,0.25402109409379686,955.0018448829651,ok,
2025-08-05T04:06:05.386929,3.99430619372729e-06,256,0.07828537796359805,1.420854777240037,0.6639403679351645,6.086165921767936e-05,0.18570060105491948,0.14742291537996946,0.46194017732596965,0.18070149010860878,0.0003178908969046086,-1,0.9131,0.9182,-1,-1,0.8434,0.8226,199,0.3430010708371696,911.4252407550812,ok,
2025-08-05T04:21:15.506510,5.783783386833174e-06,256,0.09083860248515288,1.4308641828935287,1.0227786731533994,1.1814530043829017e-05,0.11070406944790147,0.1560510792130794,0.4350446687253012,0.1334675247258236,7.150896507811591e-05,-1,0.9142,0.9215,-1,-1,0.8283,0.8556,117,0.3511549793279767,909.8826417922974,ok,
2025-08-05T04:36:26.263471,5.934631298973774e-06,256,0.07394744195492423,1.881306349996274,0.8902412979673351,2.1461600373701058e-05,0.12441690364550674,0.17501538153897364,0.4954144301712994,0.126317737176745,9.154106114522679e-05,-1,0.904,0.9118,-1,-1,0.8255,0.8459,197,0.3073083173772139,910.5154197216034,ok,
2025-08-05T04:44:27.732620,3.8468577061729405e-06,288,0.08793981997610155,1.4803693425338804,1.012609144326162,5.078693828576797e-06,0.07686634525271113,0.16216868752764818,0.33901020871333554,0.10449349544941464,0.00012666804194808078,-1,0.8987184159378038,0.8991104976612222,-1,-1,0.8214,0.8184,68,0.6983815944729117,481.2295832633972,early_stop,
2025-08-05T04:59:50.724192,4.435388526281632e-06,224,0.08531601581429188,1.5408379809027029,1.2720187995705476,9.400637133668686e-06,0.1363248042910856,0.16269919351922077,0.36959532003583817,0.13746388762345105,3.623023751271064e-05,-1,0.9094,0.9169,-1,-1,0.8475,0.8556,139,0.43382749825884914,922.7437586784363,ok,
2025-08-05T05:14:59.710324,4.232283429876886e-06,288,0.08482722850021586,1.4382954795872747,1.0765600370705777,8.292418477264219e-06,0.07311244587354948,0.1320299105627246,0.5005485363737685,0.1698835124409731,4.3272391010041824e-05,-1,0.9188,0.921,-1,-1,0.831,0.8432,193,0.46638712894971807,908.7439341545105,ok,
2025-08-05T05:24:20.766066,3.4467625965926105e-06,288,0.04584594157257057,1.8772231522719627,0.6374298516367832,1.773270321641322e-05,0.14094399533282334,0.13544253165322562,0.3537235038304106,0.1982640556081027,0.00013638548994309148,-1,0.8967,0.8907,-1,-1,0.8187,0.7978,57,0.5454072364054655,560.8226647377014,early_stop,
2025-08-05T05:33:36.478159,1.530477237490931e-05,256,0.056617625321767506,1.2362968223218225,0.9498185294347136,5.076344182083475e-05,0.13422602876413087,0.17024258537963857,0.4157970911203147,0.1756065589769672,0.00022053377198011774,-1,0.9107,0.9109,-1,-1,0.8269,0.8473,55,0.27202795719989853,555.4691421985626,early_stop,
2025-08-05T05:48:43.216831,4.8750134726253836e-06,256,0.09933776194531553,1.2286694582736417,1.0507449460283982,6.267212378073956e-05,0.12156901268804575,0.15390847062513452,0.3666330554601741,0.1377327717954646,0.00011831499199988247,-1,0.9213,0.9238,-1,-1,0.8407,0.8514,175,0.4184517569759345,906.5038030147552,ok,
2025-08-05T06:03:53.578129,9.415729882299582e-06,256,0.1075463084245127,0.9773997594642898,1.2240387011581069,7.309778938656749e-05,0.13216027720386866,0.14876496179762858,0.2640997759738755,0.11687080058086376,0.00021586735902956482,0.9999982156329115,0.9128249514091351,0.9321984510390309,0.8888736308376701,0.9196653227018061,0.8324,0.8487,86,0.3302779687386535,910.1357591152191,ok,
2025-08-05T06:18:22.764308,9.107900280215189e-06,288,0.0845041361408426,0.9241581525571558,1.2551480919884956,6.725416722907625e-05,0.13435979460342234,0.12973919090840436,0.2482722533262362,0.11889364023749063,0.00019380829208356625,1.0,0.9163250121477162,0.9182424660685531,0.9038746052190973,0.9123937644660359,0.8407,0.8404,84,0.31514167730369747,868.9496686458588,early_stop,
2025-08-05T06:25:06.844200,2.78568897922988e-05,224,0.1144996855510356,1.5638551154083722,1.2769229307456682,7.173772155631233e-05,0.13898534161896176,0.18497815963550635,0.12520306804882358,0.08034637670591023,0.0001843564043794567,-1,0.914,0.9122,-1,-1,0.831,0.8432,39,0.4742537719593739,403.8477792739868,early_stop,
2025-08-05T06:40:12.815400,1.1187446671159495e-05,288,0.13868052387407134,1.1760219052343241,1.382494023321862,6.82075480227914e-05,0.10177083029447787,0.11008382403687057,0.34404638423022305,0.11970327597997536,0.0001973594801247811,0.9999670486877645,0.9185116010689991,0.9251054366996396,0.889769750986966,0.9186265490294683,0.8462,0.8542,86,0.3663384275053163,905.73108959198,ok,
2025-08-05T06:45:39.237867,3.10684416106115e-05,256,0.10589248585055594,1.2099749713153192,1.4291689631816538,6.796272606270219e-05,0.09044931437236539,0.08206670303955904,0.323583182984019,0.09192659381386688,6.531105056866767e-05,-1,0.9066,0.9122,-1,-1,0.8269,0.8363,23,0.49700481620785625,326.1862139701843,early_stop,
2025-08-05T07:00:43.952387,7.822146277648139e-06,256,0.14668123593145482,0.8901458400583706,1.387491764801227,5.4964850647512225e-05,0.09777735475658696,0.11673544970927736,0.278923236902069,0.10861860026530878,0.00024206465828362878,-1,0.9180332847424686,0.9224906065485775,-1,-1,0.8434,0.8569,126,0.397368299726684,904.4777176380157,ok,
2025-08-05T07:08:56.142826,2.4110412009525148e-05,224,0.13388437648091556,0.6378177402466173,1.2909208270848835,4.285402676742606e-05,0.1304150787587104,0.09100510761892869,0.21134091488984721,0.09356629779719225,0.00019599271305065796,-1,0.9101144922254616,0.9138793037343762,-1,-1,0.8338,0.8363,42,0.34699935506611534,491.9483640193939,early_stop,
2025-08-05T07:16:50.648940,9.291450082501345e-06,288,0.13383437805792223,1.3205955888045258,1.3499515155706208,8.767082623557702e-05,0.1366478925780458,0.09091396262214174,0.41546308658565273,0.10192990771865898,0.0003061128653921029,-1,0.8997,0.9025,-1,-1,0.8187,0.8253,63,0.7313487104599405,474.26600527763367,early_stop,
2025-08-05T07:32:10.883465,6.865138321843873e-06,224,0.14786556206256352,0.9794889888158086,1.3492218385867667,8.749977790784157e-05,0.07346490125511344,0.12016097459708416,0.3005884733307686,0.09482856338131081,0.00017443238318440603,-1,0.9146471088435374,0.9162410858063031,-1,-1,0.8407,0.8418,132,0.4226625113374237,919.9887461662292,ok,
2025-08-05T07:45:26.395784,1.0344039300333354e-05,256,0.12152389102510593,1.099164341700072,0.9525911301049736,8.557658847281667e-05,0.10957155470100655,0.16607371885045008,0.11144920844207148,0.14759018444605554,0.0002266175664355878,-1,0.9165148202137997,0.9181427804616211,-1,-1,0.8352,0.8349,88,0.2991871797667937,795.2694869041443,early_stop,
2025-08-05T07:58:41.658911,1.1172626748641319e-05,288,0.14445355552089692,1.2289517938169987,1.0380319159642961,2.6160432565665555e-05,0.10173507999831587,0.11636572972243649,0.26506609156736166,0.11588179705174279,0.0001809056444441503,-1,0.9166,0.9189,-1,-1,0.8393,0.8583,95,0.33891518340320825,795.020441532135,early_stop,
2025-08-05T08:06:46.502417,9.431816213044721e-06,320,0.14332635785836834,0.975543024082119,1.372985314437051,8.030684120357799e-05,0.08288992408666082,0.11706701571323043,0.31868756877405324,0.07896542961494887,0.00034601216420928563,-1,0.9008290816326531,0.9016716509470133,-1,-1,0.8159,0.8226,60,0.7135224849697079,484.59893321990967,early_stop,
2025-08-05T08:16:04.681747,1.619819225924102e-05,256,0.1232322123408388,1.0787851335810439,1.139527239964219,2.9745889913952046e-05,0.15921442504965405,0.16085217010579078,0.35888908040008194,0.12314730864802904,0.0002765645596784826,-1,0.9159,0.9191,-1,-1,0.8407,0.8501,57,0.3611009996688266,557.9389169216156,early_stop,
2025-08-05T08:31:13.296929,5.408772982636362e-06,288,0.11168352531346899,0.9269988415637014,0.8919618973998085,3.304733421129762e-05,0.1343655525788345,0.1551422393824248,0.3215081504921248,0.1476748216666344,9.411035979244019e-05,-1,0.9140321307094267,0.9156813127827622,-1,-1,0.8503,0.8459,192,0.39139729033481946,908.375307559967,ok,
2025-08-05T08:47:07.454407,9.476361106834713e-06,192,0.09567310771381045,1.237031087510595,1.130686565015132,4.66062078261009e-05,0.1405520950677862,0.12599648895249635,0.24907411298699494,0.11220796431244234,0.0004928887890883057,0.999995003772152,0.916917213313897,0.9168161950770646,0.8965800317308878,0.9075024183139755,0.8503,0.8418,64,0.3373003341775773,953.9159154891968,ok,
2025-08-05T08:55:12.323230,2.683389969789959e-05,288,0.12218296827976724,0.7438577420216496,1.2610779976361342,3.884627377865974e-05,0.07434960901533132,0.0994152982852178,0.38614048024780556,0.18670800884065653,0.00015600649628118605,-1,0.9097,0.9163,-1,-1,0.8338,0.8542,45,0.37507922164347296,484.61635756492615,early_stop,
2025-08-05T09:05:49.359818,3.43940909389905e-06,288,0.13862839595747994,0.7944358827192787,1.3636200277062145,5.356627806215064e-05,0.1071019163255027,0.11822128287466321,0.30034078005490483,0.13576743126755894,0.00017741942294001982,-1,0.9029017857142858,0.8976765585461237,-1,-1,0.8118,0.8129,100,0.7865102673424451,636.7889678478241,early_stop,
2025-08-05T09:19:50.322786,1.4909491022512695e-05,192,0.04611747871259149,1.7124154802521059,1.2878538800237451,3.9806627870862356e-05,0.10107549463870674,0.1413420777433351,0.32700852872451497,0.14888210050125766,0.00011711329083381892,1.0,0.9043367346938775,0.9155432865577793,0.8549473874923474,0.9066067856945149,0.8297,0.8432,42,0.2843754604374361,840.7224261760712,early_stop,
2025-08-05T09:27:58.605384,5.189451051383067e-06,224,0.06030029266421612,1.0378634163878413,0.7787568548335541,6.136487163617822e-05,0.08966544634149051,0.19961865605812595,0.306794172075281,0.13685297990208042,0.00034470830525186615,-1,0.906,0.9051,-1,-1,0.8077,0.8239,69,0.538161693365738,488.03705644607544,early_stop,
2025-08-05T09:43:03.383577,6.255367977058266e-06,256,0.1159383800427833,1.546293786769647,1.2760938709139995,7.117571380889209e-05,0.11681159525659773,0.17082112588744688,0.42348567207986976,0.11814261960569158,0.00015899147632349728,-1,0.9169,0.9202,-1,-1,0.8407,0.8514,133,0.42653623048267925,904.5309956073761,ok,
2025-08-05T09:58:16.151074,5.554617975940853e-06,256,0.07694657993181743,1.1810040212056814,1.1182556565383486,9.601873837723799e-05,0.11713315170892462,0.1594000406018029,0.24788684763903002,0.1459336077305865,3.538668745154523e-05,-1,0.9093,0.918,-1,-1,0.842,0.8556,117,0.3731040010516962,912.5132911205292,ok,
2025-08-05T10:13:42.112339,6.042131820791349e-06,224,0.08227777078091836,1.2339683038135967,0.9258808527126694,3.514264843498959e-05,0.11021352123251027,0.13619653423695965,0.33574754299697157,0.1838769804316277,0.00010507516379163617,-1,0.913,0.9239,-1,-1,0.8489,0.8473,153,0.2918814268745591,925.7143003940582,ok,
2025-08-05T10:29:35.970206,6.524340869222888e-06,192,0.04981104956142629,1.5457902401294585,0.7705252062766866,4.162444249110817e-05,0.15068718149655588,0.10923941802918506,0.2575510959482437,0.1905980977264542,0.0001953173397401926,-1,0.9132,0.9166,-1,-1,0.8407,0.8336,101,0.18425946486542852,953.6145403385162,ok,
2025-08-05T10:45:01.573745,4.500748721079455e-06,224,0.0880775253938379,0.9083218370998977,0.8873106673688184,3.804588210164724e-05,0.09884612426255308,0.08854118815196069,0.24015293775845986,0.18437825012000722,0.00010441220786845665,-1,0.9174258989310009,0.9274058737826854,-1,-1,0.8352,0.8707,156,0.367568860963184,925.3643798828125,ok,
2025-08-05T11:00:25.330332,6.314045704485864e-06,224,0.10850859369611843,0.8974827763206074,0.8156649511631353,2.7417270654566466e-05,0.10273805645712346,0.07394205715749476,0.2504717705332198,0.1857721812879472,9.890465912984707e-05,-1,0.9154291180758017,0.9209416455793267,-1,-1,0.8393,0.8487,122,0.2880493331698644,923.5179710388184,ok,
2025-08-05T11:16:17.636095,3.1987780026107906e-06,192,0.09281799545286408,0.8106981481419714,1.1550499671204049,6.317565586464873e-05,0.07209194969132161,0.06707065597650154,0.1494313639578146,0.19142611670136078,0.00010446208388032607,-1,0.913022351797862,0.9177747105283335,-1,-1,0.8379,0.8583,190,0.5013214825109868,952.0656864643097,ok,
2025-08-05T11:31:21.422219,4.028151785458828e-06,288,0.06468616025467941,1.5592230054614409,0.858375295404052,1.4467229034717679e-05,0.09058379658473198,0.06026394901044888,0.22604138831983933,0.19736506587747135,4.9441040250995784e-05,-1,0.9096,0.9226,-1,-1,0.842,0.8459,197,0.3972326558561192,903.5449225902557,ok,
2025-08-05T11:38:06.754978,1.6698747466535666e-05,224,0.05859986430615309,0.6469836472388888,1.1995480401073406,3.771631414623593e-05,0.10286207815550345,0.09114252179344338,0.22995013185090363,0.17785531780128597,5.8683683819209245e-05,-1,0.9072,0.9127,-1,-1,0.8324,0.8294,33,0.3899621328301555,405.09609270095825,early_stop,
2025-08-05T11:49:59.277333,9.386659670054917e-06,320,0.06668782143439869,1.4965363748029696,0.9687741273486811,3.0145115938546585e-05,0.0799810995628791,0.07702330979382188,0.15165387575008282,0.18093112163827782,0.00010630866802546932,-1,0.9064094387755102,0.9188789203281956,-1,-1,0.8324,0.8542,80,0.29686590887909386,712.2801079750061,early_stop,
2025-08-05T12:00:34.159474,4.29287092809402e-06,288,0.14351977722212442,1.3426692976898653,1.251163938600019,8.732194494812895e-05,0.09044974676701248,0.10353043546662045,0.4616893545292098,0.10321092784761741,4.015024172801894e-05,-1,0.9009,0.8996,-1,-1,0.8255,0.8253,103,0.7547474503517151,634.6385476589203,early_stop,
2025-08-05T12:15:41.862384,3.5910883649842272e-06,320,0.051332187892934415,1.4158073770905848,0.8010001944341827,8.040734894471279e-06,0.08842895853560469,0.06436240794978357,0.3822094219484157,0.1913730475054994,6.0831169282769186e-05,-1,0.9193,0.9225,-1,-1,0.842,0.8446,179,0.4069303781249649,907.4608242511749,ok,
2025-08-05T12:30:48.538753,3.4468496903876525e-06,256,0.06606156121555964,1.4380019959840438,0.7978585559311483,1.9239592162794955e-05,0.10139483620924136,0.07541313226477765,0.26750555028943035,0.19459581180447233,1.4973799378704312e-05,-1,0.9082088192419826,0.9157963346369143,-1,-1,0.8352,0.8459,192,0.40015594246930813,906.4370064735413,ok,
2025-08-05T12:36:17.684753,7.969497668312064e-06,256,0.06375379954320387,1.781458609314012,0.7393718479343345,6.055761189531113e-06,0.09195979484254732,0.07590042895744978,0.19594765760405483,0.19357102306755875,0.00012975532586110045,-1,0.8967,0.8994,-1,-1,0.8255,0.8171,33,0.5827742349276444,328.9000153541565,early_stop,
2025-08-05T12:51:23.948245,1.4636244910323382e-05,288,0.07504033333608497,1.7543958939613498,1.2037835690434486,1.4503688237972748e-05,0.09151732464785209,0.06897305812894869,0.2902271624457342,0.19285466695962034,5.792246187610268e-05,0.9999996431265823,0.9141,0.9178,0.8935188660167597,0.9128696477953727,0.8269,0.8528,61,0.27784065554462595,906.0196211338043,ok,
2025-08-05T13:06:31.539984,5.219963658381155e-06,320,0.0661136088871965,0.9083834397552435,0.781287657901003,2.1099326891759213e-06,0.09097755087785658,0.06827031256148307,0.2300939534242295,0.16392879864018703,3.769905518181181e-05,-1,0.9052,0.9175,-1,-1,0.8352,0.8363,163,0.3433395286165683,907.3518903255463,ok,
2025-08-05T13:21:39.947669,3.6379568494104986e-06,320,0.05195930642524638,1.1418575184550772,0.6104484392708638,3.8548337613209415e-06,0.11773862576645275,0.06507107636279377,0.3964218572925118,0.1780806117048012,9.602816018927418e-05,-1,0.9187241861030127,0.9225672877846791,-1,-1,0.8434,0.8514,178,0.3411867959549925,908.1658713817596,ok,
2025-08-05T13:29:40.825741,3.0271232440425086e-06,224,0.044848682888142,0.670428336012374,0.8510417338196241,4.440870914251843e-05,0.07878742021583954,0.09048473980114878,0.34614921810251725,0.15961250574133629,0.0003935272272753459,-1,0.8952031705539358,0.895230427114485,-1,-1,0.8324,0.8198,56,0.5941924320531633,480.63376784324646,early_stop,
2025-08-05T13:44:46.910126,5.2211628804801086e-06,320,0.07246818880284858,1.0007980204181652,0.5160280838607019,5.8293777248258145e-06,0.11136324418083664,0.07505123763313329,0.4404427966364245,0.19751514542834717,8.456375656352511e-05,-1,0.9156,0.9216,-1,-1,0.8297,0.8459,171,0.2731451811750341,905.8355331420898,ok,
2025-08-05T14:00:09.828500,8.191908425386636e-06,224,0.07028278369791902,0.8995295029149154,0.9495857284130065,1.2275637248722186e-05,0.13386933642625937,0.13192164589970562,0.19818170447504704,0.18918877128377545,0.00022586668544533132,0.9999906023333335,0.9035319484936832,0.9201058201058202,0.8804402549661454,0.9162125076069763,0.8214,0.8501,64,0.3218629580069792,922.6769440174103,ok,
2025-08-05T14:15:23.183135,8.89083670427136e-06,288,0.062084888918059335,1.5194935173098263,0.7283937748732435,4.8295537195691594e-05,0.1328604056101149,0.10831813698402716,0.4562891312351141,0.19518924583550598,4.659387337247892e-05,0.9999961933502111,0.9102131924198251,0.914822482938425,0.8942707702167297,0.917159455755025,0.8255,0.8391,78,0.2382481281848558,913.1148040294647,ok,
2025-08-05T14:23:33.378893,5.670998289670276e-06,224,0.08644829597674271,1.5715275270938827,0.8813003506685247,7.624406769961185e-05,0.0993854562426984,0.13670696437283436,0.3899460961917259,0.15144869930193822,0.00015918296844098475,-1,0.8932,0.8965,-1,-1,0.8146,0.8239,55,0.6178844265362129,489.94985580444336,early_stop,
2025-08-05T14:36:58.099091,1.2367813682302182e-05,224,0.11463316627824874,1.5724485750562662,1.0094202320630261,2.5152397501578042e-05,0.10836646447474753,0.12118649440334794,0.33064562459051106,0.1849089213452018,9.569905044951744e-05,0.9999997620843882,0.916,0.9231,0.8805275664897513,0.9111377951318625,0.8324,0.8528,73,0.26052459552385093,804.4776184558868,early_stop,
2025-08-05T14:52:19.515498,6.899055985957557e-06,224,0.1202635652213621,1.603660856648516,0.9486948084118709,3.2585115123709015e-05,0.09761605016601058,0.1375456762305562,0.24309008216017935,0.15764289204531987,7.858071252283344e-05,-1,0.9131438289601556,0.9156506402883213,-1,-1,0.8407,0.8418,118,0.3213816770271974,921.1721963882446,ok,
2025-08-05T14:57:40.138316,5.8925463550496764e-05,224,0.11208941049073745,1.5156472371877285,1.3334499803657034,1.144752153152493e-05,0.09669899212324014,0.13113454618207498,0.33214047445541267,0.17941912686741138,3.353496933671678e-05,-1,0.91,0.918,-1,-1,0.8242,0.8363,17,0.40811790076293797,320.3770637512207,early_stop,
2025-08-05T15:12:44.839598,3.513371874270863e-06,320,0.04439959123676077,0.9001238841383303,0.6680693435814239,2.270323586111665e-06,0.1310907869119935,0.06844647657048075,0.45124369073714116,0.17351838202761277,5.5510895912297477e-05,-1,0.9152,0.9194,-1,-1,0.8407,0.8432,199,0.350399384396952,904.4605441093445,ok,
2025-08-05T15:19:39.070327,1.8910347270825537e-05,192,0.12631773544099478,1.1044352151438086,0.8164343167684488,2.7059011217670045e-05,0.0960120175616534,0.11408639266426343,0.420301887612561,0.18996618532851967,0.00023434474313780226,-1,0.9088010204081632,0.9020627252511312,-1,-1,0.8283,0.8198,30,0.39510150462588595,413.9930877685547,early_stop,
2025-08-05T15:30:18.986221,1.636071670452936e-05,256,0.08677921169181363,1.0729851878689063,1.080419696939105,2.2452039842487763e-05,0.07937876025546864,0.11673001334188388,0.23605068601253124,0.18987930248095441,9.931759694171563e-05,0.9999947658565402,0.911,0.9189,0.8803523936711951,0.9159925360200984,0.831,0.8514,47,0.31721386304737753,639.6718010902405,early_stop,
2025-08-05T15:44:00.846543,9.467393539325628e-06,192,0.11342153890634266,1.5199028622238049,1.2884902977445754,1.3043670512885898e-05,0.14335564718202246,0.08879165343297452,0.41178433533621617,0.19458350905271074,0.00011990688976334845,0.9999990483375528,0.9143282312925171,0.9183114791810444,0.8854377240090012,0.9089381917570727,0.8365,0.8459,78,0.31129626280281236,821.6172780990601,early_stop,
2025-08-05T15:52:23.238581,2.8963375831580284e-05,192,0.08848018739244409,1.637327406937103,0.9748753295139528,2.5079417476982304e-05,0.11296437866854199,0.10415683200250875,0.2539831205586031,0.17798141978092782,9.994383172437363e-05,0.9999781117637135,0.9056,0.9085,0.9050683076578495,0.9188597665581987,0.8242,0.8336,23,0.3357601574497822,502.1506230831146,early_stop,
2025-08-05T16:00:26.773289,2.5272674937211346e-05,256,0.09913082156272587,0.8806378659628712,1.0801398277642547,6.858262739016417e-05,0.10907785842000456,0.15774315651106569,0.25049866776923135,0.07886063104922192,0.00019844895853677325,0.9999685951392413,0.9102056000971818,0.9145924392301205,0.8970128168245441,0.921826103033066,0.8338,0.8404,26,0.3846030355615549,483.29362416267395,early_stop,
2025-08-05T16:15:34.527090,3.0489028514353495e-06,288,0.06362085548556402,1.734627132838393,0.7754253749406635,3.054776620806743e-05,0.1252277067286429,0.060661863335185036,0.2915671317374017,0.18733299441720283,6.0934597098754524e-05,-1,0.9129,0.9204,-1,-1,0.842,0.8377,195,0.43092727352515253,907.51309466362,ok,
2025-08-05T16:30:56.879464,5.1108914774307425e-06,224,0.08691538124124122,1.7247557797446311,0.8697695158165096,1.1719109866224648e-05,0.10705669268954247,0.09955513412707737,0.37558115284919324,0.1851787688783302,8.211968556373289e-05,-1,0.9129388362487852,0.9186718809907214,-1,-1,0.8297,0.8418,120,0.3370642459169401,922.1138877868652,ok,
2025-08-05T16:46:53.761610,5.586921043412422e-06,192,0.08536945947268995,0.9093125917579205,0.6830848641793286,5.6238339904112024e-05,0.08358541459816243,0.12317017230136798,0.25382283262948213,0.1998122450852084,0.00012900261895673864,-1,0.9134,0.9187,-1,-1,0.831,0.8336,125,0.25417539396739264,956.6413598060608,ok,
2025-08-05T17:01:58.309053,3.956346541745176e-06,256,0.09286819895781341,0.8884763188054745,1.244700028501319,6.752487802637373e-05,0.08512855036157019,0.16491846401149746,0.3775162099765575,0.14644923798037254,0.00019892669642340092,-1,0.9085352891156462,0.9211180124223604,-1,-1,0.8255,0.8501,136,0.4953230027529703,904.3068771362305,ok,
2025-08-05T17:17:09.871263,3.03611834363946e-06,320,0.04769268041347685,1.7966736657653928,0.5308319393841119,6.215380441137346e-06,0.12281782233828309,0.0862959503056096,0.34285016940848323,0.15795817772531637,6.267653203862451e-05,-1,0.9133,0.9142,-1,-1,0.8036,0.8019,197,0.357777065575563,911.3184468746185,ok,
2025-08-05T17:32:15.719690,9.201661134672391e-06,288,0.0780564913808256,1.4874868241112138,0.7311170717581826,8.223587207061908e-06,0.06503494800339903,0.06394629063189533,0.39136168113904407,0.18817585201338705,0.00016715866796384888,0.9999990483375528,0.9172133138969873,0.9205352350279887,0.9114837516184799,0.923052020253137,0.842,0.8336,82,0.22289992139964052,905.6108648777008,ok,
2025-08-05T17:47:21.557883,6.715063463446807e-06,320,0.04854882231813514,0.9332940363473967,1.001851274338357,7.256011438655546e-06,0.10507418019715503,0.08693842097326018,0.38049144180241606,0.19447376420630946,2.803563517267256e-05,-1,0.9137360301263363,0.9203281956905146,-1,-1,0.8379,0.8418,118,0.26695345854474656,905.5963780879974,ok,
2025-08-05T18:02:46.228402,6.354092707593516e-06,320,0.053995931039030706,1.4035879691995554,0.7687401340842015,1.4575322437644954e-05,0.09471281577847959,0.06859912720756303,0.3445292681763066,0.16646053558397503,4.4024031021299554e-05,-1,0.9082391885325559,0.9191856452726018,-1,-1,0.8324,0.8487,116,0.2510475649900009,924.4293508529663,ok,
2025-08-05T18:12:11.539950,3.7323186518418167e-06,320,0.05276991357644891,1.521042675701991,0.9231263079086418,3.100641607801886e-06,0.15464475478112333,0.07478483113374029,0.4234037241349081,0.1790961466892054,0.0002910841939757577,-1,0.9109268707482993,0.9008204892262864,-1,-1,0.8132,0.7937,82,0.6104238689375685,565.0675547122955,early_stop,
2025-08-05T18:24:10.065323,1.1154398872558999e-05,256,0.1245145254954663,1.494662476684973,1.4190840342683457,8.947865165605843e-05,0.07295679850182557,0.11099195908825696,0.48238959699264616,0.1540060248722655,0.0003286552095589551,0.9999455173248959,0.9122,0.9155,0.8900644467938776,0.9127179285033477,0.8365,0.8404,61,0.43080630114392565,718.2840003967285,early_stop,
2025-08-05T18:40:09.827729,4.532960536098678e-06,192,0.0923360304192266,0.7270610188737398,0.9895434322912842,3.795276171903073e-05,0.12052940711143635,0.110584730083688,0.3761742555410777,0.18648191675768042,0.00018547888800579418,-1,0.9149356171039845,0.9180277586074688,-1,-1,0.8462,0.8391,128,0.35823502734357215,959.5170776844025,early_stop,
2025-08-05T18:55:26.071735,9.032871807345444e-06,320,0.05296759305855296,1.911089576007226,0.8401058628117078,1.0242031798298484e-05,0.07348146036717204,0.07331119777204038,0.45555872698085265,0.18917899125187326,3.744903945104846e-05,0.9999688330548532,0.9095,0.9171,0.8856510226636403,0.9075384247582374,0.8365,0.8501,83,0.23846952625869086,915.9966466426849,early_stop,
2025-08-05T19:10:39.277713,5.444721162629267e-06,256,0.08455725235189915,0.8045728572315104,1.0150782650919483,8.896314581422233e-05,0.09459050003167853,0.10303284027834825,0.25379216205844124,0.16837259202470464,8.586429079398075e-05,-1,0.9127,0.9124,-1,-1,0.8503,0.8363,177,0.35934492578707916,912.9574835300446,ok,
2025-08-05T19:17:26.081297,2.7515286067635936e-05,224,0.044152845700874944,1.7184092263549706,0.6523418422643968,2.6533981976499753e-05,0.14937917840888257,0.07401672741211218,0.34920342407999344,0.19504408957924826,9.095187585154449e-05,0.9999953606455698,0.9046,0.912,0.8937179439420944,0.9097884367923972,0.8173,0.8212,23,0.2313259658398097,406.5652539730072,early_stop,
2025-08-05T19:32:42.754821,4.859404900892547e-06,320,0.0931929923911829,1.7285477389758424,0.8419546773174414,3.352915678083206e-06,0.09260467547974045,0.06505700094029569,0.2136427219516833,0.17290341044439766,2.385520687086706e-05,-1,0.9063335155490768,0.9162794264243539,-1,-1,0.8228,0.8514,194,0.41541720830286655,916.4324331283569,ok,
2025-08-05T19:40:45.841688,2.6117782233497798e-05,256,0.14041680348317723,1.903670745344166,0.8728490531866636,1.6175495269116104e-05,0.1001507284903828,0.11799449949125175,0.43179419729340074,0.16399840486662817,0.0001985339841832066,-1,0.9135,0.916,-1,-1,0.8338,0.8322,49,0.31405516399482303,482.8458511829376,early_stop,
2025-08-05T19:56:21.501019,3.1852618859236817e-06,224,0.07424469652907414,1.316303666525832,1.1530574890085934,2.8284728662165547e-05,0.14494455862277786,0.16153106751281598,0.3314425517466818,0.1533902727072844,0.0001384404204427111,-1,0.9186,0.9273,-1,-1,0.8475,0.8501,165,0.5004748799854919,935.4250998497009,ok,
2025-08-05T20:11:38.236608,7.0889134368007985e-06,256,0.06392595769666036,1.3434569849717461,1.0217699897090404,3.82500303255193e-05,0.13243822618666434,0.178125722214979,0.28639252769255363,0.10504756544992198,9.81278402367008e-05,-1,0.917137390670554,0.9211563530404111,-1,-1,0.8448,0.8432,104,0.2644143894214964,916.4960086345673,ok,
2025-08-05T20:26:52.464101,3.628065482887645e-06,256,0.07861785875144983,1.2692579140097262,1.091201456301233,4.071864258625165e-05,0.16226341549086853,0.1653736786604895,0.3045828874940203,0.18235725273118406,0.0002110835204723809,-1,0.9090060131195336,0.9128211026761751,-1,-1,0.8255,0.8473,120,0.476122103353843,913.9916405677795,ok,
2025-08-05T20:42:07.325039,3.5237888449323353e-06,256,0.06630371024669383,0.9853986670039402,0.9963220948426936,2.8383191967701635e-05,0.13909414733508177,0.15447771153787387,0.5275752724337988,0.14768276080411,8.663759500896184e-05,-1,0.9156,0.927,-1,-1,0.8434,0.8693,179,0.4482558628250884,914.6280317306519,ok,
2025-08-05T20:52:50.830151,8.036032708036482e-06,256,0.0440310112927192,0.9149923286367992,0.9189012474448237,5.266257894790985e-05,0.14837860258878452,0.18169617548773273,0.523620338171525,0.12220257998500345,3.936447256734564e-05,-1,0.9113,0.9122,-1,-1,0.8324,0.8501,87,0.33083065952731433,643.2678611278534,early_stop,
2025-08-05T21:08:10.528378,3.384117894894781e-06,256,0.09828046732636952,1.085194964956804,1.2575418723244867,1.9848608616377727e-05,0.17883482005405857,0.1476520242378256,0.21688042568120292,0.10274154838272448,0.0001588529577799832,-1,0.9104,0.9235,-1,-1,0.8407,0.8556,193,0.5331208003707589,919.4590265750885,ok,
2025-08-05T21:23:25.062675,4.083703218612323e-06,288,0.0629112605391968,1.3144963818000257,1.207691125911859,3.798054934442818e-05,0.10897544915648041,0.1042022097524008,0.4717948415095382,0.13576243795112966,0.00012004672684993279,-1,0.9194,0.9238,-1,-1,0.8407,0.8638,179,0.4423488993917403,914.2955837249756,ok,
2025-08-05T21:38:40.436609,4.507078893939414e-06,288,0.05442091986931228,1.3743185165532406,1.1730272325823405,2.0756988023840225e-05,0.10243606661019801,0.10323746260623685,0.5011236019343768,0.09585756821048796,8.692330838142171e-05,-1,0.9194454567541303,0.9227513227513228,-1,-1,0.8393,0.8404,140,0.3980320614677677,915.1369981765747,ok,
2025-08-05T21:53:55.633593,8.574111546183815e-06,288,0.06536420603579567,1.4018636118096117,1.1898798453201185,3.095397200648277e-05,0.10934227947769258,0.0778595999508955,0.41252715506952264,0.1166314748600432,9.290531076461161e-05,0.9999976208438819,0.9068194241982507,0.915274902231424,0.8709744598589316,0.9146281719669302,0.8255,0.8418,72,0.3187319367801572,914.960456609726,ok,
2025-08-05T22:09:12.197043,4.6715530648103804e-06,256,0.08127675778942581,1.4286684659912396,1.4730863711906221,1.9077681825521024e-05,0.17285355821964338,0.13710761352079615,0.2132635131201817,0.098526200758172,0.00011923702123948463,-1,0.9184,0.9241,-1,-1,0.8338,0.8363,123,0.478584276218298,916.3308477401733,ok,
2025-08-06T09:37:40.580778,3.930199802965248e-06,256,0.08964838120449119,0.6927159847327002,1.3941937114734047,2.1938186565253927e-05,0.18309894975326738,0.15266936149389232,0.18964932319218034,0.09621084115483902,0.0001399506280259451,-1,0.902,0.9015,-1,-1,0.8201,0.8281,77,0.8024666668642801,489.5122470855713,early_stop,
2025-08-06T09:47:02.082527,4.229750503854774e-06,256,0.09269694405870421,1.2727669626900564,0.9651368286632871,8.883933144160982e-05,0.17200058299144264,0.13146364123026555,0.25324123898173134,0.11763388693456622,0.00020012460381491518,-1,0.9005,0.9048,-1,-1,0.8104,0.8198,93,0.6093818781794745,561.2577450275421,early_stop,
2025-08-06T10:02:19.906885,4.897441067978926e-06,256,0.07479166158419294,1.4576459447758712,1.1569569749412532,1.5343860607425373e-05,0.1566316309542993,0.12396907340245036,0.1871022577168761,0.09702697079719923,6.112916427330792e-05,-1,0.9092,0.9204,-1,-1,0.8393,0.8418,147,0.39601914585404396,917.5785961151123,ok,
2025-08-06T10:11:56.292587,3.5263781236612534e-06,192,0.08447107616854517,1.4602640478879427,1.0575811918969105,2.7584023882033177e-05,0.13089231202021157,0.1915128665737063,0.25361665396313904,0.15930060293826928,0.00019033903738725788,-1,0.9066220238095237,0.9032819569051453,-1,-1,0.831,0.8006,92,0.6199049226467539,576.1404864788055,early_stop,
2025-08-06T10:26:59.020960,3.817679444657478e-06,288,0.05313782947478724,1.2147739189020532,1.4188351595536648,1.184553250782839e-05,0.1656514743399105,0.17165936488341657,0.3016450238886148,0.08228260021411421,0.00020595528572295803,-1,0.9161,0.9176,-1,-1,0.8434,0.8446,179,0.46422749117500445,902.4847590923309,ok,
2025-08-06T10:42:19.814595,5.05956118270191e-06,224,0.07144306969379835,0.9763935701348891,1.075850603807863,3.218321139184855e-05,0.15826502947466964,0.14218791014321602,0.5387103149372802,0.14252978649298964,0.0001529371705992341,-1,0.9175170068027212,0.9291005291005291,-1,-1,0.8434,0.8652,122,0.36698377565913404,920.5527718067169,ok,
2025-08-06T10:57:41.825447,5.66066724863732e-06,224,0.07311201822946892,0.727478402752538,1.0474555481485186,8.232473525620431e-06,0.17176705196683403,0.11916200204142867,0.42767087495100775,0.1464848411311031,0.00014398338156851063,-1,0.911033163265306,0.9245763361705391,-1,-1,0.8379,0.8583,100,0.3149124689473128,921.7678365707397,ok,
2025-08-06T11:06:02.151724,3.6751930994064424e-06,192,0.08668416837866809,1.4209596601510366,1.2095434537470757,3.816254264007018e-05,0.19102499813858861,0.15941266913332783,0.518664653596585,0.1321723958600755,8.825886526714452e-05,-1,0.8987,0.9002,-1,-1,0.8242,0.8294,71,0.7446073479470612,500.08272910118103,early_stop,
2025-08-06T11:14:03.551936,3.4712468757443935e-06,320,0.07369118524932528,1.2011039401471488,1.2836675982801016,2.9444178722166733e-05,0.11026005506524546,0.09866751161231224,0.5262294947722147,0.16969444650405088,0.00028867590216673185,-1,0.8933,0.898,-1,-1,0.8104,0.8239,71,0.7553509356085836,481.15294218063354,early_stop,
2025-08-06T11:29:06.338837,3.1383866351322614e-06,288,0.04865000335256805,1.2560878769797725,1.0414178655640818,9.872169492041598e-05,0.12496937767103733,0.1241009957766788,0.4273220360532942,0.13114969536824608,0.00018448702473839373,-1,0.9072066326530612,0.9211486849168009,-1,-1,0.8255,0.8446,158,0.4609884280694139,902.550920009613,ok,
2025-08-06T11:42:30.293065,1.0636138458111498e-05,224,0.09265808251503455,0.7276706792539472,1.2401128208049297,3.5636162853123275e-06,0.1571695799031096,0.13556478791408247,0.45696380133142417,0.16736675632332895,0.00018345331480768153,0.999997501886076,0.9108,0.9146,0.8913786974996825,0.893756872038411,0.8352,0.8446,71,0.33652548921102104,803.7066359519958,early_stop,
2025-08-06T11:49:10.966076,1.0343522800051056e-05,224,0.04929542682715084,0.6765995769992065,1.243378014480213,1.68949158946707e-05,0.18232959353932468,0.10307282689645324,0.3616086112680696,0.16754692727446863,0.00045851366729974564,-1,0.8917107021379981,0.8985967333793421,-1,-1,0.8091,0.7978,32,0.6189528579935469,400.4297561645508,early_stop,
2025-08-06T12:04:32.538304,4.34864834200187e-06,224,0.04303124492868678,0.9286126721471736,1.2127266431170367,3.3955897415289815e-05,0.16194274656754962,0.16586538810976018,0.549685913575657,0.15619216787482545,0.0001995603195852278,-1,0.9073,0.9174,-1,-1,0.8516,0.8432,119,0.3793770405520653,921.3306629657745,ok,
2025-08-06T12:18:21.242821,7.339575395382858e-06,192,0.05897127140067316,0.6313115277939677,1.1372232157409965,6.2516963144962535e-06,0.17960669611614533,0.1157913323375215,0.45323336694487626,0.11544659667690957,0.00012472530720752608,0.9999979777172997,0.9098411686103012,0.917828387393605,0.8827516920299259,0.9065854228494064,0.8283,0.8556,68,0.3222351703813922,828.4665026664734,early_stop,
2025-08-06T12:33:32.807843,3.4234494952628477e-06,256,0.10821534980957259,1.17746685365964,1.2924505902517163,3.279543566731483e-05,0.13303222080815968,0.1408255415172276,0.315564810489283,0.150945887085011,0.00016138011439490344,-1,0.9112001943634597,0.9184265010351966,-1,-1,0.8516,0.8556,182,0.5646147546276038,911.322259426117,ok,
2025-08-06T12:42:51.997966,3.375368743430872e-06,288,0.11188038491727578,1.0293113965431169,1.2705114651334792,5.735665993781739e-06,0.1409186593039581,0.14289729013232327,0.16657495245141388,0.09274596634871125,0.00025231977507099033,-1,0.903038447521866,0.8979296066252588,-1,-1,0.8022,0.7813,76,0.8221290981198389,558.9473836421967,early_stop,
2025-08-06T12:53:33.910062,3.4855390785054635e-06,256,0.08914215365307841,1.1652740127654297,1.3878261543303076,8.849628300908345e-06,0.1943940150063247,0.17285680724682512,0.24514656246025518,0.12121832161934934,0.00014021502300259626,-1,0.8967064504373178,0.901257572272065,-1,-1,0.8118,0.8212,92,0.7341625822914971,641.668624162674,early_stop,
2025-08-06T13:08:49.491712,5.642309853243482e-06,224,0.10241878848629019,0.5940870208612287,0.9755732084715122,1.0317699350846778e-05,0.19425429920747928,0.10047869535756274,0.45488324618215403,0.16377801207806186,0.00020025655609174576,-1,0.9122175655976676,0.9135572425427497,-1,-1,0.8393,0.8446,192,0.33533352131330124,915.3415610790253,ok,
2025-08-06T13:23:47.390930,3.924954576016308e-06,256,0.06595571253719769,1.1114943338969752,0.8842455996886119,5.5765793531950455e-05,0.07633429305174504,0.163159392390112,0.52615650437332,0.1917933792917339,5.20992852082885e-05,-1,0.9158,0.9203,-1,-1,0.8489,0.8391,169,0.38501257765811064,897.6516900062561,ok,
2025-08-06T13:38:51.350804,6.330490811565052e-06,256,0.0982361375915865,1.0576933269445634,1.4324561755790266,1.5400433399722216e-05,0.192036498847108,0.10714747683346795,0.23110223824066528,0.11010754401914748,8.110551780734934e-05,-1,0.9090022169582119,0.9196687370600414,-1,-1,0.8255,0.8597,126,0.4213666109291115,903.7132833003998,ok,
2025-08-06T13:53:52.523407,3.551657620691933e-06,256,0.06877492510477211,0.9783812444903789,1.177822821869219,1.535471805875211e-05,0.15521765546057037,0.12821742193969188,0.5203006616779285,0.14395270292403511,0.00012301001183265633,-1,0.9081328960155491,0.924323288091404,-1,-1,0.8379,0.8487,154,0.47675659350261396,900.9284434318542,ok,
2025-08-06T14:05:38.044128,1.1839102450481053e-05,288,0.13031658981103295,1.9138742447918868,1.3673342327299398,7.825559332566182e-05,0.0677538485705847,0.13119841001420557,0.2512502068942002,0.09934387264154733,0.00024448252014179934,-1,0.9193315719144801,0.9156583084119316,-1,-1,0.8365,0.8446,100,0.39765659693219746,705.2787778377533,early_stop,
2025-08-06T14:20:12.085464,7.349878299316195e-06,224,0.06162253814749446,0.9490285564773531,1.1037185660588047,4.631752377712808e-05,0.14586182071879109,0.10993187129956089,0.5215154615613753,0.1013820877111817,9.264382159015533e-05,0.9999998810421942,0.9084214042759962,0.9172456099992331,0.8926893889139008,0.904001047966932,0.8393,0.8363,86,0.2679412351857545,873.7951333522797,early_stop,
2025-08-06T14:35:12.914056,3.9783686726218515e-06,256,0.07458429727877544,0.665082393957715,1.0746950134035012,3.4240756636519766e-05,0.15404615199316438,0.14757550982161213,0.5112870219468932,0.137460955401569,0.00011282305552242756,-1,0.915,0.9282,-1,-1,0.8503,0.8528,163,0.4406557460687383,900.5837552547455,ok,
2025-08-06T14:44:26.641641,3.185470101715902e-06,256,0.06469541970408879,0.8561389603191158,0.7001710149145098,1.2255346699253488e-05,0.12940434644580737,0.1258479714623484,0.47625319171143077,0.12938210147893656,0.00015555968898479317,-1,0.9014288751214772,0.8989801395598497,-1,-1,0.8297,0.8088,76,0.553290840237693,553.4860155582428,early_stop,
2025-08-06T14:59:43.610513,5.655995361061391e-06,224,0.10087973787265152,0.606268517074031,1.4618369513870133,2.4401667641915215e-05,0.16517773798106247,0.14306402463763346,0.48080748031284,0.13612589148380952,4.7629059255699625e-05,-1,0.9117316569484937,0.9177133655394524,-1,-1,0.8283,0.8611,130,0.41806162482026143,916.7181055545807,ok,
2025-08-06T15:14:44.950569,4.4812366288644495e-06,320,0.07496287260528954,1.0189246458288175,1.0350170075335612,1.8699792769949668e-05,0.16610260990649833,0.14724854510820073,0.4427923758111931,0.1537248505501077,7.091207111459886e-05,-1,0.9135310374149659,0.9182501341921632,-1,-1,0.8324,0.8404,154,0.4345488490291463,901.0993032455444,ok,
2025-08-06T15:29:46.575927,4.556668818873255e-06,256,0.07728820088343656,0.8734649769271812,0.9442373069101024,1.4134766399856014e-05,0.16463752015063182,0.11985454350136766,0.5005277026855084,0.163331450570559,0.0001149112536127915,-1,0.9103,0.9242,-1,-1,0.8448,0.8556,159,0.3804239077081227,901.3815541267395,ok,
2025-08-06T15:45:15.484868,4.948042447263677e-06,256,0.08440590736219085,0.6251152468220174,1.1662213463081414,3.182478445474469e-05,0.16059166008972153,0.09830984208925511,0.5190084399780276,0.15007778695547064,0.00013757026751963952,-1,0.9093324829931974,0.9250670960815889,-1,-1,0.8393,0.8542,132,0.4040980398214787,928.6663427352905,ok,
2025-08-06T16:01:13.685381,5.950568833521395e-06,224,0.08185577732492587,0.9860952593161262,0.9809771334942092,3.409238550484653e-05,0.17589610766840913,0.1222911374429918,0.4457976208359089,0.1807050612687601,0.0002927488348228259,0.999990007544304,0.9055,0.916,0.9042733929395181,0.9257313588518209,0.8352,0.8377,99,0.32716543991173047,957.9518756866455,ok,
2025-08-07T03:11:16.062358,3.002347566325664e-06,256,0.06634288055737411,0.5578093785045929,1.1250194782021856,5.1951164955071525e-05,0.14508444014194727,0.11194568838068382,0.4944744198518777,0.10804521309234086,0.00020510632474153402,-1,0.9009277818270165,0.8967870562073462,-1,-1,0.8228,0.8294,74,0.6961304706620655,569.0514450073242,early_stop,
2025-08-07T03:27:12.712292,6.666622211675337e-06,192,0.11097018454214821,1.0071260734764753,0.9826232783852675,1.7199803679400135e-05,0.14847925550616095,0.14664230612984666,0.5199982842429621,0.16313079302139008,6.310141333060807e-05,-1,0.9109344630709426,0.9222835672111035,-1,-1,0.831,0.8418,108,0.31308421031953376,956.395359992981,ok,
2025-08-07T03:42:21.065585,4.3607527856838215e-06,256,0.10513940866433247,1.048889451428981,1.179248986073738,1.2436702917044042e-05,0.14170932920981966,0.11521758288810667,0.5363952610621516,0.18857995336295214,6.177595189244274e-05,-1,0.915125425170068,0.9217237941875623,-1,-1,0.8338,0.8501,160,0.5044937433808321,908.1113364696503,ok,
2025-08-07T03:57:57.878086,3.219823531975968e-06,224,0.09017840862228409,0.6187363904716776,1.2760288183027726,3.361099731890449e-05,0.19653947040614134,0.08971194406551364,0.5487232887847491,0.1702176781817454,7.08773037515314e-05,-1,0.9133,0.9221,-1,-1,0.8434,0.8514,191,0.5445157763230397,936.5678627490997,ok,
2025-08-07T04:13:14.237818,7.943867810869131e-06,256,0.06852435302919077,0.9204416407990853,1.4042376328980526,1.1736587621652516e-05,0.1628782156970088,0.11939646432184622,0.42282620116744,0.15515559442671795,0.0001455449455437728,0.9999941710675107,0.9145,0.9207,0.896127930561027,0.9127862342847485,0.8297,0.8487,77,0.3457948086588485,916.1183025836945,ok,
2025-08-07T04:21:16.778003,2.4706146458073314e-05,320,0.14602365852392776,1.2490791666938326,1.4735940039764797,8.539216334841219e-05,0.10249077919268756,0.14075483877296144,0.3622382948634227,0.16570130772612351,0.00024027194549122233,-1,0.9098183916423713,0.9106893643125527,-1,-1,0.8338,0.8308,50,0.4710904378447155,482.3023855686188,early_stop,
2025-08-07T04:36:28.869101,4.338814411873021e-06,256,0.06272844295003656,0.5236065114539161,1.110437240496139,3.3270172168413984e-05,0.11514196957308269,0.18280160079669283,0.48311491071501944,0.17637478984704422,0.00010725542214783882,-1,0.9175397837706512,0.9174756537075378,-1,-1,0.853,0.8487,152,0.39482997874511017,911.8423690795898,ok,
2025-08-07T04:45:48.523205,1.4837189954549432e-05,288,0.09451811769440971,0.751989499993564,1.321814693933982,6.024998902353234e-05,0.18723035361042442,0.06662953483334874,0.542748595341267,0.1845613924540234,0.00022190739742150516,-1,0.9133,0.916,-1,-1,0.8324,0.8597,57,0.347834925332799,559.4228293895721,early_stop,
2025-08-07T05:01:03.881730,3.873211342773346e-06,256,0.06718693287843909,0.8045138537746939,1.028718372818902,3.910304267283801e-05,0.16982952175125696,0.15733390788344934,0.3983136252836102,0.12996836094027547,0.00012041498745949606,-1,0.9122,0.9269,-1,-1,0.8434,0.8583,197,0.4209304192150947,915.1119694709778,ok,
2025-08-07T05:16:33.448401,3.550871666763291e-06,288,0.10821699639487574,0.5885813249879606,0.9476612682845914,1.0752528911939622e-05,0.14640305166964424,0.11639582854507136,0.4231607051082691,0.15409758844718294,0.0001686513287618633,-1,0.9119,0.9131,-1,-1,0.8393,0.8294,123,0.473212510301304,929.3129374980927,ok,
2025-08-07T05:32:08.980830,4.804504117831889e-06,224,0.07052918678929133,1.3297458375336828,1.0436198820063143,4.2882685429625554e-05,0.14229826524915268,0.1584063475763542,0.40477535083584376,0.1544092504811374,8.745008948192946e-05,-1,0.9201439504373178,0.9268614370063646,-1,-1,0.8434,0.8556,134,0.36857928091280445,935.2929956912994,ok,
2025-08-07T05:47:33.606053,5.07552084239252e-06,256,0.06503267848535707,0.7593679620355057,0.9080360264908357,4.526715881533894e-05,0.17711625876859743,0.16385823461371396,0.5035403638056071,0.1084166542107354,0.0002135856023398422,-1,0.9197,0.926,-1,-1,0.8462,0.8391,121,0.3222061687731444,924.372278213501,ok,
2025-08-07T06:02:51.488798,9.773880259979279e-06,288,0.06007473070910272,1.006456236595129,0.8010835835388197,4.73140680403883e-05,0.18039880019107504,0.1788977463776245,0.48131127548473246,0.09393763458729067,0.00020039928188805877,1.0,0.9208044825072886,0.9201364926002608,0.9001354611276534,0.9179099572806972,0.8503,0.8514,80,0.23364449538854765,917.6419408321381,ok,
2025-08-07T06:11:01.158721,5.138061417379031e-06,256,0.0742721894369523,0.6913824416000515,0.8600268334048249,1.4013792917258673e-05,0.18481974600234718,0.14344893596208058,0.5277074783444521,0.13686797054347596,0.00047547117507786056,-1,0.8977390063168125,0.9032666206579251,-1,-1,0.8187,0.8061,50,0.5938428872929147,489.4260034561157,early_stop,
2025-08-07T06:26:18.900196,8.766035015374493e-06,256,0.07796204304729557,0.8645154783078274,1.0002529581014965,1.5125752994926728e-05,0.1466366207748466,0.15059955257924687,0.5083801630060287,0.12946745987538058,0.00016200905485915562,1.0,0.911,0.9224,0.8935468057636707,0.919609424851827,0.8324,0.8459,83,0.2712939075643247,917.4986395835876,ok,
2025-08-07T06:37:03.229477,3.6088849125839337e-06,288,0.10262734423673546,0.722510052092384,1.1367590451937961,4.268421397633484e-05,0.16812124411745802,0.17484356185882127,0.47264476205666406,0.12247726126147135,0.00028345205057059335,-1,0.8966,0.9065,-1,-1,0.8187,0.8157,93,0.6965169414209987,644.0779283046722,early_stop,
2025-08-07T06:51:45.201641,1.1978728037090911e-05,256,0.11380727666361938,0.9839963080474788,1.4665442213518478,8.767765553881515e-05,0.11055145710365484,0.17010153682772217,0.23653394903827754,0.10118019024835044,0.0004286449480468929,1.0,0.9131,0.924,0.8780005850524031,0.9186611960215814,0.842,0.8666,83,0.31192275195950475,881.7262091636658,early_stop,
2025-08-07T07:07:03.516019,5.322483366098161e-06,256,0.0539407196625549,0.9274342906245407,0.8168721315361153,1.3047690483881698e-05,0.18310046604662622,0.08853454053830158,0.4354388322712054,0.16874028459156895,6.109971291251883e-05,-1,0.9155050413022352,0.9214554098612069,-1,-1,0.8297,0.8459,116,0.2703047741038804,918.0608780384064,ok,
2025-08-07T07:13:48.600859,2.3775355242108196e-05,288,0.07353276567577913,0.5586716993659051,0.9378546516223414,3.918153946528704e-05,0.190805802888927,0.14655929133593307,0.5096389905296835,0.13821901032611242,8.409731574504558e-05,-1,0.9008,0.9054,-1,-1,0.8173,0.8432,33,0.3527299115748089,404.8436794281006,early_stop,
2025-08-07T07:28:30.006309,9.364926171632253e-06,320,0.09304494460507759,1.8876851404724997,1.1564858371120204,2.412530817338539e-05,0.1773970595219559,0.12744895724067948,0.17258571867295885,0.07072307194414543,0.00029295728597693055,-1,0.9107,0.9199,-1,-1,0.8379,0.8487,103,0.3198465887964458,881.1579053401947,early_stop,
2025-08-07T07:43:51.296334,5.589877626252493e-06,288,0.09066558802130821,0.7233351517265443,1.0851483137621294,8.941689159014479e-06,0.18650592915115333,0.14261360080286356,0.5481207739526068,0.19878704795231883,0.00012911974146394067,-1,0.9166,0.9204,-1,-1,0.8462,0.8514,171,0.3879314232876717,921.0405380725861,ok,
2025-08-07T07:59:09.278691,3.688755775239605e-06,288,0.08923318013781388,0.7235872446263594,0.9142764372422423,2.1688225809569803e-05,0.18962952855448814,0.10404333807956943,0.45802636892017906,0.11913392440672936,4.588470116529593e-05,-1,0.9100385689990282,0.9221838816041714,-1,-1,0.8146,0.8487,196,0.47503643449528327,917.7358269691467,ok,
2025-08-07T08:12:33.537864,1.2591907868663607e-05,288,0.144338333285858,0.8721416835291443,1.4006725157767406,4.8708713167587195e-05,0.10397229198812599,0.1760836928053199,0.12394391641886737,0.0935183792507357,0.0003771158888780582,0.9999381419409299,0.9152,0.9191,0.8892566896723708,0.9099602299022451,0.8352,0.8473,65,0.42397213495772623,804.0167858600616,early_stop,
2025-08-07T08:27:55.008574,9.698930893692535e-06,256,0.06882486595714198,0.9122019483320649,1.189123454853776,8.625189827874247e-05,0.17513960550851307,0.142598188532844,0.45085550335213453,0.12926322864681591,0.00018752536043504443,0.9999986914641351,0.9163,0.9195,0.9007952873060571,0.9158900858026469,0.842,0.8556,71,0.29639763051489465,921.2187023162842,ok,
2025-08-07T08:43:21.770722,3.1587252245253527e-06,256,0.07094140292329554,0.7777146864501124,0.8075545956668654,2.1999657495511517e-05,0.18643792952514518,0.14596964439523832,0.34524040659400557,0.1312430666822183,9.424461504606275e-05,-1,0.9156,0.9257,-1,-1,0.8434,0.8418,197,0.42257419971180765,926.5094764232635,ok,
2025-08-07T08:58:43.466605,3.353751432694655e-06,256,0.08341401506058344,0.5527276154983916,0.641073709955595,3.3725356221658954e-06,0.19675786776346443,0.1508991295518805,0.31579667629873676,0.13947207667820286,0.00016005982006145136,-1,0.9122,0.9216,-1,-1,0.8407,0.8459,145,0.3813435897504917,921.4530599117279,ok,
2025-08-07T09:14:03.471148,3.2645952937226845e-06,256,0.07033867384495739,0.7674759142104363,0.9984826710687484,5.0552541098309584e-05,0.19574136300273415,0.15898085348591,0.42002092601965385,0.08584329014304123,0.00017442420407394644,-1,0.9200224732750243,0.9241239168775403,-1,-1,0.8489,0.8446,198,0.4734797733112154,919.7585654258728,ok,
2025-08-07T09:29:26.009196,8.723796202387047e-06,256,0.09748549513308875,0.900345602371145,0.8202476018042147,1.38960194996227e-05,0.19443519676680318,0.17414415884705742,0.37729028035522344,0.050797101347378464,0.00042945653978000286,-1,0.9113,0.9155,-1,-1,0.8297,0.8253,127,0.24822649149351794,922.2879588603973,ok,
2025-08-07T09:44:44.735763,3.4036217113653393e-06,288,0.053777352451403485,0.8658772650143796,0.8341226764569075,2.693046775441094e-05,0.19170297836708441,0.14023570327563376,0.28240951683523036,0.1287727521227198,9.58746989965505e-05,-1,0.9112,0.9144,-1,-1,0.8475,0.8501,195,0.39809172942520477,918.4815695285797,ok,
2025-08-07T10:00:01.477414,7.614608198261286e-06,288,0.07016131138158334,0.7149928099573181,0.9499714533685072,3.8839851052518645e-05,0.18546021070988344,0.1669673962841039,0.36515099319438493,0.08297455048287852,7.087680584579224e-05,1.0,0.9081025267249758,0.9144697492523579,0.8889166542969942,0.905326137537541,0.8352,0.8432,94,0.29456646929292074,916.4987645149231,ok,
2025-08-07T10:12:10.069689,1.6954394299943445e-05,256,0.08773526513152555,1.2698049125577315,1.3921687989771911,5.6498068700235706e-05,0.12092663702833026,0.17197348139534768,0.21943237415087136,0.10278089955550283,0.00023694107136618226,0.9999998810421941,0.9136,0.9189,0.8883655601096974,0.9139472213751064,0.8393,0.8556,55,0.28898943537661,728.3434321880341,early_stop,
2025-08-07T10:27:42.443667,3.6617993317152508e-06,224,0.0700999076962125,1.4515440162741886,1.4743301711134176,6.9894358245501605e-06,0.11694625089726,0.17685419993005075,0.42958259832561896,0.18662618777949883,0.00032485720737730176,-1,0.9129084669582119,0.918334483551875,-1,-1,0.8352,0.8418,168,0.5034452317282238,932.1306781768799,ok,
2025-08-07T10:43:16.999011,5.080395558816986e-06,224,0.06946174959438373,0.6463596044483514,0.7436146590787895,2.3794027922595516e-05,0.11222191411146534,0.06356707899599665,0.11008240866634525,0.14981127891179916,9.874819682961761e-05,-1,0.913333637026239,0.9181121079671806,-1,-1,0.8407,0.8377,142,0.27671536569863114,934.3180930614471,ok,
2025-08-07T10:52:40.499702,5.33280201633386e-06,256,0.1280208029336653,0.6769437535821679,1.2751319983274485,8.97273066584174e-05,0.09616384399925713,0.18691841064473264,0.32606296030342186,0.08705450180446879,0.00024048196970616337,-1,0.9059,0.911,-1,-1,0.8338,0.8226,89,0.7214572830501546,563.2482712268829,early_stop,
2025-08-07T11:08:01.291819,3.367377158215292e-06,256,0.0581022611979039,1.5246985505285036,1.3202150588453159,8.809838283013991e-05,0.1790048999866952,0.14144938303039808,0.3189998260028006,0.16422237790734273,4.175775830296309e-05,-1,0.9115,0.9264,-1,-1,0.8269,0.8666,171,0.4953688170294489,920.5437366962433,ok,
2025-08-07T11:23:24.649872,6.923463995166838e-06,256,0.07034842655220867,1.5190710409904793,0.9466850461113887,9.616143682265725e-05,0.17359034694064435,0.13707724113274875,0.38352916291667555,0.14788749563594678,7.556541375697101e-05,-1,0.9122023809523809,0.9226286327735604,-1,-1,0.8365,0.8404,106,0.2888038260368021,923.1034481525421,ok,
2025-08-07T11:32:48.838811,3.5652392253698295e-06,256,0.08661130586330511,1.1830101083620144,0.8289279902334638,9.896821695001327e-05,0.13504053047517106,0.09588743929344679,0.18034943001963116,0.19468770446238945,0.0002045755772059254,-1,0.9001002186588921,0.9061114945172917,-1,-1,0.8255,0.8336,92,0.594072229035548,563.9411520957947,early_stop,
2025-08-07T11:48:23.346372,5.087744696616631e-06,224,0.07083493285960508,1.5290572194840812,1.3390973615004833,6.650295454755612e-05,0.1973134901124366,0.154004619098783,0.24102008982172154,0.13342486011300203,7.61666529507777e-05,-1,0.9092261904761905,0.9174143087186566,-1,-1,0.8462,0.8501,118,0.38640617268429,934.2598915100098,ok,
2025-08-07T12:03:45.829793,3.5483981154368393e-06,256,0.0773969001993956,1.0454742181366468,0.592551122144359,1.1623251202095971e-05,0.17728688889228672,0.18206228274293684,0.2844468392095487,0.16047174999549774,0.00011252061370251668,-1,0.9114,0.9214,-1,-1,0.8269,0.8226,155,0.3775655493158134,922.2351415157318,ok,
2025-08-07T12:19:07.027067,3.491333419938481e-06,256,0.05900310245127521,1.5094641763674765,1.1089758231391758,7.263308608358649e-05,0.18546361134223027,0.15962628411220656,0.37843442757107765,0.1730941622378143,1.6623760567541293e-05,-1,0.906,0.9168,-1,-1,0.8407,0.8446,181,0.4615409359190035,920.9377610683441,ok,
2025-08-07T12:29:55.365788,3.496729128181777e-06,256,0.07617719619832564,0.8547076165356937,1.0038320027663499,8.139843960183757e-05,0.1860642803439981,0.1834407408145986,0.34238907225796333,0.08461847309081598,0.0004837999279587847,-1,0.9054148445092323,0.9012959128901158,-1,-1,0.8283,0.8171,98,0.6219599221081499,648.0916419029236,early_stop,
2025-08-07T12:45:29.225928,4.225695307353196e-06,224,0.04928155063749568,0.6313053541505916,1.1420074593087493,2.8551437105237952e-05,0.19415734113203514,0.14865690491060302,0.4011521242271292,0.14944590602400276,0.00010056506651694436,-1,0.9152,0.9203,-1,-1,0.8379,0.8391,165,0.35347322253924596,933.6139855384827,ok,
2025-08-07T12:52:18.873484,5.908032818796816e-06,224,0.0851051634952944,0.6200148599038705,0.8231023569503205,3.297831070456871e-05,0.15877342057000127,0.15859590108314528,0.4575449139250131,0.08843584583267827,0.00031103429683850974,-1,0.8927,0.8997,-1,-1,0.8173,0.8281,47,0.6025722653579614,409.3989930152893,early_stop,
2025-08-07T13:05:46.092925,8.292231860875725e-06,256,0.09222339006000563,1.6118318872144366,1.3147418360125922,9.073835072282093e-05,0.1905476648954562,0.13003886310603383,0.19776425372341364,0.1979279699345605,2.5360136943936223e-05,-1,0.900540573372206,0.9125067096081588,-1,-1,0.8255,0.8322,88,0.3727532931819888,806.9730179309845,early_stop,
2025-08-07T13:21:25.792462,3.582159897656586e-06,224,0.06417629821160128,1.0914387933188106,1.1906945664236428,1.795696627105846e-05,0.14496986727914044,0.16656476976558202,0.30728736118213446,0.1426860100915097,0.00016188054614787884,-1,0.920500789601555,0.9232804232804233,-1,-1,0.8407,0.8583,156,0.4449569985472663,939.4607458114624,ok,
2025-08-07T13:26:48.240948,6.780409565568809e-05,320,0.136966005003596,1.1401890459427613,1.039153045700506,8.759929541076906e-05,0.08104341691830917,0.1047389561929373,0.375542824526468,0.1151560851699795,0.00018646180295014836,-1,0.9037900874635568,0.8969710911739897,-1,-1,-1,-1,24,0.48416051000904303,322.20092272758484,early_stop,
